gene,snp,snippet
ABCA1,Rs1800977,polymorphism
ABCA1,Rs1800977,therothrombotic cerebral infarction
ABCA12,Rs28940568,congenital Lamellar ichthyosis
ABCA12,Rs28940271,skin condition
ABCA12,Rs28940271,congenital Lamellar ichthyosis
ABCA12,Rs28940270,skin condition
ABCA12,Rs28940568,skin condition
ABCA12,Rs28940269,skin condition
ABCA12,Rs28940269,congenital Lamellar ichthyosis
ABCA12,Rs28940268,skin condition
ABCA12,Rs28940268,congenital Lamellar ichthyosis
ABCA12,Rs28940270,congenital Lamellar ichthyosis
ABCA7,Rs200538373,Alzheimer's disease
ABCA7,Rs200538373,late-onset Alzheimer's disease 
ABCA7,Rs3764650,Alzheimer's disease
ABCB4,Rs58238559,atrial fibrillation/flutter
ABCC2,Rs717620,intrahepatic cholestasis
ABCC2,Rs717620,nonalcoholic fatty liver disease
ABCD1,Rs398123109,adrenoleukodystrophy
ABCD1,Rs398123109,adrenoleukodystrophy
ABCG2,Rs3114018,haplotype blocks
ABCG2,Rs3114018,gout
ABCG2,Rs3114018,gout
ABCG2,Rs1481012,colorectal cancer
ABCG2,Rs2231142,heterozygotes
ABCG2,Rs2231142,Atherosclerosis Risk
ABO,Rs41302905,may influence ABO blood group see gs129ABO Blood Type
ABO,Rs7853989,ABO Blood Type
ABO,Rs8176743,ABO Blood Type
ABO,Rs8176747,ABO Blood Type
ABP1,Rs2052129,Caucasian
ABP1,Rs2052129,hypersensitivity to ibuprofen
ACADM,I5003116,Dehydrogenase Deficiency
ACE,Rs4293,Alzheimer's disease.
ACE,Rs4343,diabetic nephropathy
ACTN3,Rs1815739,explosive leg muscle power
ACTN3,Rs1815739,endurance ability
ACTN3,Rs1815739, power/sprint performance
ACTN3,Rs1815739,polymorphism
ACTN3,Rs1815739,performance phenotypes i
ADA,Rs121908738,adenosine deaminase deficiency.
ADA,Rs121908739,adenosine deaminase deficiency.
ADA,Rs121908736,adenosine deaminase deficiency.
ADAM10,I6006818,Alzheimer's disease assocation
ADAM10,Rs61751103,Alzheimer's disease
ADAM33,Rs574174,COPD
ADAM33,Rs3918396,chronic obstructive pulmonary disease (COPD)
ADAM33,Rs574174,asthma and bronchial hyperresponsiveness
ADAM33,Rs574174,type 1 diabetes
ADAM33,Rs574174,immune-mediated diseases
ADAM33,Rs574174,asthma
ADAM33,Rs574174,psoriasis
ADCY5,Rs796065306,facial myokymia
ADCY5,Rs796065306,autosomal dominant familial dyskinesia
ADCY5,Rs796065306,facial myokymia
ADCY5,Rs796065306,dyskinesia disorder
ADCY5,Rs796065306,dyskinesia disorder
ADIPOQ,Rs17300539,increased risk of insulin resistance
AGT,Rs3889728,"pre-eclampsia,"
AGT,Rs3889728,pre-eclampsia
AKT1,Rs3730358,polymorphism
AKT1,Rs2494732,once-a-month cannabis users
AKT1,Rs3730358,non-small cell lung cancer.
AKT1,Rs3730358,glioblastoma
AKT1,Rs3730358,Korean population
AKT1,Rs3730358,Taiwanese population
AKT1,Rs2494732,"drug-related psychoses,"
AKT1,Rs2494732,psychotic disorde
AKT1,Rs2494732,mind-altering symptoms
AKT1,Rs2494732,cannabis-related psychosis
AKT1,Rs2494732,", schizophrenia"
AKT1,Rs3730358,schizophrenia
ALB,Rs78340021,analbuminemia
ALB,Rs78340021,Novel nonsense mutation
ALB,Rs79744198,abnormality of albumin
ALDOB,I5012665,Hereditary fructose intolerancers
ALOX5AP,Rs9315050,myocardial infarction
ALOX5AP,Rs17222814,myocardial infarction or ischemic stroke
ALOX5AP,Rs17222814,bifurcation intima-media thickness
ALOX5AP,Rs17222814,alcohol consumption
ALOX5AP,Rs4076128,breast cancer
ALOX5AP,Rs9315050,ischemic stroke
ALPL,I6006926,hypophosphatasia
ALPL,I6006953,hypophosphatasia
ALPL,I6006897,rare/minor allele
ALPL,I6006897,hypophosphatasia
ALPL,I6006888,hypophosphatasia
ALPL,I5900451,hypophosphatasia.
ALPL,I5002773,hypophosphatasia
ALPL,I5002765,hypophosphatasia
ANG,Rs17114699,amyotrophic lateral sclerosis
ANG,Rs17114699,Irish
ANG,Rs17114699,Swedish
ANG,Rs17114699,Polish
ANGPTL3,Rs267606655,coron
ANGPTL3,Rs267606655, artery disease
ANO5,Rs137854529,limb-girdle muscular dystrophy
ANO5,Rs137854521,limb-girdle muscular dystrophy
AOC1,Rs2052129,Caucasian
AOC1,Rs2052129,hypersensitivity to ibuprofen
APOA2,Rs5082,obesity
APOA2,Rs5082,heart disease
APOA2,Rs5082,obesity
APOA2,Rs5082,Body Mass Index 
APOA2,Rs5082,heart disease 
APOA2,Rs5082,fat 
APOA2,Rs5082,"ages 4, 7 and 10"
APOB,Rs693,and LDL-Cholesterol
APOB,Rs693,Elevated Apolipoprotein B
APOC3,Rs2542052,longevity
APOM,Rs3117582,lung cancer 
APOM,Rs3117582,lung cancer
APP,Rs63750851,early-onset Alzheimer's disease
ARMS2,Rs3750848,macular degeneration
ARMS2,Rs3750848,macular degeneration
ARMS2,Rs3750848,age-related macular degeneration
ARMS2,Rs3750848,age-related macular degeneration
ARMS2,Rs3750848,age-related macular degeneration
ARMS2,Rs3750848,polypoidal choroidal vasculopathy
ASAP1,Rs3057,perfect pitch
ASL,Rs752100894,argininosuccinate lyase deficiency
ASTN2,Rs4838255,schizophrenic
ATM,Rs1800057,breast cancer.
ATM,Rs1800057,radio-sensitivity
ATM,Rs1800057,post-lumpectomy
ATM,Rs1800057,radiotolerant prostate brachytherapy
ATM,Rs1800058,breast cancer
ATM,Rs1800058,breast tumour 
ATM,Rs1800058,breast cancer
ATP7A,Rs2227291,X-inactivation in female human embryonic stem cells
ATP7A,Rs2227291,prone to epigenetic alterations
ATR,Rs2227928,pancreatic cancer
ATR,Rs2227928,pancreatic cancer
BACE1,Rs638405,increased risk for late-onset Alzheimer's disease
BAK1,Rs513349,rheumatic diseases
BAK1,Rs5745582,rheumatic diseases
BARD1,Rs6435862,aggressive neuroblastoma
BCR,Rs2267015,depression
BDNF,Rs7124442,anorexia
BDNF,Rs7124442,bulimia
BDNF,Rs7124442,elderly population.
BHMT,Rs617219,patient's attention levels.
BLOC1S3,Rs2159324,LDL 
BLOC1S3,Rs2159324,cholesterol
BLOC1S3,Rs2159324,cholesterol
BMP2,Rs235754,bone density
BMP2,Rs235754,bone fractures or osteoporosis
BRCA1,Rs80357880,breast cancer
BRCA1,Rs80357848,breast cancer
BRCA1,Rs80357829,breast cancer
BRCA1,Rs80357786,BRCA1 gene
BRCA1,Rs80357786,breast cancer
BRCA1,Rs80357717,breast cancer
BRCA1,Rs80357635,breast cancer
BRCA1,Rs80357624,breast cancer
BRCA1,Rs80357597,breast cancer
BRCA1,Rs80357558,pathogenic for breast cancer
BRCA1,I4000377,breast cancer
BRCA1,Rs80357405,pathogenic for breast cancer
BRCA1,Rs80357382,breast cancer
BRCA1,Rs80357161,breast cancer
BRCA1,Rs80357071,breast cancer
BRCA1,Rs273897659,breast cancer 
BRCA1,I4000377,ovarian cancer
BRCA1,I4000377,breast cancer
BRCA1,I4000377,ovarian cancer
BRCA1,Rs80357405,breast cancer
BRCA2,Rs11571833,breast cancer
BRCA2,Rs1799954,increased risk for breast cancer
BRCA2,Rs11571833,increased risk for breast cancer
BRCA2,Rs4987047,increased risk for breast cancer
BRCA2,Rs1799954,breast cancer
BRCA2,Rs11571746,breast cancer
BRCA2,Rs4987047,breast cancer
BRCA2,I5009090,breast cancer
BRCA2,I5005579,breast cancer
BRCA2,I5005578,breast cancer
BRCA2,I5005576,breast cancer
BRCA2,I4000466,breast cancer
BRCA2,I4000379,breast cancer
BRCA2,I5009091,breast cancer
BRIP1,Rs4986764,familial breast cancer risk
BRIP1,Rs4986764,prostate cancer
BRIP1,Rs4986764,breast cancer
BRIP1,Rs4986764,prostate cancer.
BRIP1,Rs4986764,Kazakhstan.
BTBD9,Rs9296249,restless legs syndrome
C3,Rs11569562,bronchial asthma
C3,Rs7951,systemic lupus erythematosus (SLE)
C3,Rs7951,level of the C3 protein was lower
C6orf10,Rs3129900,liver injury
C6orf10,Rs3129900,liver injury
CACNA1A,Rs121908236,Clinical spectrum of episodic ataxia type 2.
CACNA1C,Rs80315385,arrhythmia disorder
CACNA1C,Rs80315385,arrhythmia disorder
CACNA1C,Rs80315385,cardiac L-type calcium channel mutations
CACNA1D,Rs312481,hypertension
CACNA1S,Rs1800559,malignant hyperthermia
CACNA1S,Rs1800559,malignant hyperthermia
CACNA1S,Rs1800559,hyperthermia
CACNA1S,Rs1800559,malignant hyperthermia
CACNA1S,Rs1800559,Malignant-hyperthermia
CALHM1,Rs2986017,late-onset Alzheimer's disease
CALHM1,Rs2986017,Alzheimer's disease
CAV3,Rs116840776,muscular dystrophy
CAV3,Rs116840776,sudden infant death syndrome.
CAV3,Rs116840785,rippling muscle disease.
CAV3,Rs116840785,rippling muscle disease
CAV3,Rs28936685,rippling muscle disease
CBS,Rs121964972,Homocystinuria
CCL26,Rs2302009,eosinophilic esophagitis
CCL26,Rs2302009,gastroesophageal reflux disease
CCL26,Rs2302009,"eosinophilic esophagitis,"
CCL26,Rs2302009,esophagitis
CCR5,Rs1800452,hay-fever
CD33,Rs3865444,Alzheimer's disease
CD33,Rs3865444,Alzheimer's disease
CD40,Rs4810485,Korean
CD40,Rs4810485,Europeans
CD40,Rs4810485,RA 
CD40,Rs4810485,orean ancestry
CD40,Rs4810485,European ancestry
CD40,Rs4810485,autoimmune disease
CD40,Rs4810485,Korean ancestry
CD40,Rs4810485, rheumatoid arthritis (RA)
CDH1,Rs863224505,hereditary diffuse gastric cancer
CDH1,I5004971,gastric cancer
CDH1,Rs13689,E-cadherin polymorphisms
CDH1,Rs13689,arsenic-related skin lesions
CDH1,Rs587780784,hereditary diffuse gastric cancer
CDH1,Rs587780787,pathogenic rare mutation
CDH1,Rs587780787,hereditary diffuse gastric cancer
CDH1,Rs786202033,gastric cancer
CDH23,Rs111033271,hearing loss
CDH23,Rs111033271,Usher syndrome and nonsyndromic deafness.
CDKAL1,Rs7754840,type-2 diabetes
CDKN1B,Rs34330,breast cancer
CDKN1B,Rs34330,prostate cancer 
CDKN1B,Rs34330,endometrial cancer
CDKN2B-AS1,Rs564398,gestational diabetes mellitus
CDKN2B-AS1,Rs564398,Korean population
CDKN2B-AS1,Rs564398,Western
CDKN2B-AS1,Rs564398,Chinese Han population
CDKN2B-AS1,Rs564398,Han Chinese
CDKN2B-AS1,Rs564398,Asians
CDKN2B-AS1,Rs564398,type 2 diabetes
CDKN2B-AS1,Rs564398,French Europids
CDKN2B-AS1,Rs17756311,childhood acute lymphoblastic leukemia
CDKN2B-AS1,Rs564398,obesity
CEP290,Rs752197734,Blueprint Genetics Retinal dystrophy
CETP,Rs2303790,candidate gene polymorphisms
CETP,Rs2303790,ischemic stroke
CETP,Rs2303790,ischemic stroke
CETP,Rs1532624,myocardial infarction
CETP,Rs1532624,HDL cholesterol
CETP,Rs1532624,carotid artery disease
CETP,Rs1532624,dyslipidemia
CETP,Rs1532624,cholesterol levels
CETP,Rs1532624,Polymorphism
CFH,Rs1061147,macular degeneration (damage to the eye with ageing)
CFH,Rs1061147,age related macular degeneration
CFTR,I5006080,Cystic Fibrosis
CFTR,I5006072,Cystic Fibrosisrs
CFTR,I5006071,Cystic Fibrosis
CFTR,I5006055,Cystic Fibrosisrs
CFTR,I5006063,Cystic Fibrosisrs
CFTR,I4000311,Cystic Fibrosis
CFTR,I4000308,Cystic Fibrosisrs
CFTR,I4000306,Cystic Fibrosisrs
CFTR,I4000305,cystic fibrosis
CFTR,I4000316,Cystic Fibrosisrs
CHAMP1,Rs879255261,autosomal dominant mental retardation
CHEK2,Rs1805129,silent polymorphism
CHRM3,Rs2165870,post-operative nausea
CHRM3,Rs2165870,higher risk for nausea
CHRNA3,Rs1051730,lung cancer
CHRNA3,Rs1051730,Artery Disease
CHRNA3,Rs8042374,lung cancer
CLN3,Rs386833721,Blueprint Genetics Retinal dystrophy
CLOCK,Rs1554483,obesity
CLOCK,Rs1554483,overweight
CLOCK,Rs4864548,obesity
CLOCK,Rs4864548,overweight
CNGB3,Rs121918344,colorblindness
CNGB3,Rs121918344,photophobia
CNGB3,Rs121918344,nystagmus
CNGB3,Rs121918344,20/200 visual acuity
CNR1,Rs6454674,cocaine addiction
CNR1,Rs6454674,metabolic syndrome in postmenopausal Polish women
CNR1,Rs6454674,obesity
CNR1,Rs6454674,nicotine dependence
CNR1,Rs6454674,ADHD
CNR1,Rs6454674,obesity
CNR1,Rs6454674,schizophrenia
CNR1,Rs6454674,European
COL11A1,Rs587782990,Blueprint Genetics Retinal dystrophy
COL2A1,Rs121912880,mutations
COL2A1,Rs121912880,pathogenic for Spondylometaphyseal dysplasia
COL2A1,Rs121912880,Stickler syndrome type I
COMT,Rs9332377,Cisplatin
COMT,Rs9332377,hearing loss
COMT,Rs4633,Schizophrenia Susceptibility Genetic
CSF2RB,Rs11705394,schizophrenia.
CSF2RB,Rs2072707,schizophrenia.
CTNNA2,Rs1446109,European
CTSD,Rs17571,Alzheimer's disease
CTSD,Rs17571,Alzheimer's disease
CTSD,Rs17571,Creutzfeldt-Jakob disease
CTSD,Rs17571,cognitive ability and cognitive ageing
CTSD,Rs17571,Alzheimer's disease
CTSD,Rs17571,vCJD 
CTSD,Rs17571,vCJD 
CTSD,Rs17571,Variant Creutzfeldt-Jakob disease
CTSD,Rs17571,Alzheimer disease
CYP21A2,I5005433,Congenital adrenal hyperplasiars
CYP2C8,Rs1934951,osteonecrosis of the jaw
CYP2C8,Rs1934951,myeloma
CYP2C8,Rs3832694,Cytochrome 
CYP2C9,Rs2017319,allelic expression imbalance
CYP2C9,Rs2017319,mRNA processing
CYP2C9,Rs2017319,Polymorphisms
CYP2C9,Rs2017319,gene transcription
CYP2J2,Rs10889160,myocardial infarction
CYP2J2,Rs10889160,myocardial infarction
CYP4F2,Rs2108622,cerebral infarction
DAB2IP,Rs7025486,AAA
DAB2IP,Rs7025486,peripheral arterial disease (PAD)
DAB2IP,Rs7025486,abdominal aortic aneurysm (AAA)
DAB2IP,Rs7025486,type 2 diabetes
DAB2IP,Rs7025486,arterial and venous disease
DAB2IP,Rs7025486,ischemic stroke
DAB2IP,Rs7025486,hypertension
DAB2IP,Rs7025486,pulmonary embolism
DAB2IP,Rs7025486,peripheral arterial disease PAD
DAB2IP,Rs7025486,early onset myocardial infarction (MI)
DAB2IP,Rs7025486,abdominal aortic aneurysm (AAA)
DAB2IP,Rs7025486,vascular diseases
DAB2IP,Rs7025486,intracranial aneurysm
DAO,Rs3918346,schizophrenia 
DAO,Rs3918346,autism 
DAO,Rs3918346,bipolar affective disorder
DAPK1,Rs4878104,Alzheimer's disease
DCDC2,Rs793862,dyslexia
DCDC2,Rs793862,dyslexic
DCDC2,Rs793862,dyslexic
DCHS1,Rs757309797,thoracic aortic aneurysm
DCHS1,Rs757309797,mitral valve prolapse
DGKH,Rs1012053,Bipolar disorder
DHDDS,Rs764831063,Blueprint Genetics Retinal dystrophy
DISC1,Rs3738402,schizophrenia
DOCK7,Rs267606655,coron
DOCK7,Rs267606655, artery disease
DPP6,Rs3807218,familial idiopathic ventricular fibrillation
DRD1,Rs265981,autism
DRD1,Rs4532,autism
DRD1,Rs5326,(early onset) schizophrenia
DRD4,Rs1800955,idiopathic intellectual disability
DRD4,Rs1800955,schizophrenic
DRD4,Rs1800955,schizophrenia
DRD4,Rs1800955,schizophrenia
DRD4,Rs1800955,Anorexia Nervosa
DRD4,Rs1800955,dopaminergic gene polymorphisms
DRD4,Rs1800955,schizophrenia
DRD4,Rs1800955,dopaminergic polymorphisms
DRD4,Rs1800955,borderline 
DRD4,Rs1800955,personality
DRD4,Rs1800955,borderline personality traits
DRD4,Rs1800955,Anorexia Nervosa
DRD4,Rs1800955,schizophrenia
DTNBP1,Rs760761,schizophrenia
DTNBP1,Rs760761,"decreased attentional capacity,"
DTNBP1,Rs760761,worse performance on memory tasks
DTNBP1,Rs760761,alterations in schizotypal beliefs and experiences
DTNBP1,Rs760761,major depressive disorder
DTNBP1,Rs760761,neuroticism
DTNBP1,Rs760761,anxiety
DTNBP1,Rs760761,depression
EGFR,Rs121434568,non-small cell lung cancer
EIF2AK4,Rs587777104,ulmonary capillary hemangiomatosis
EIF2AK4,Rs587777107,pulmonary hypertension
EIF2AK4,Rs587777106,pulmonary venoocclusive disease
EIF2AK4,Rs587777106,pulmonary capillary hemangiomatosis
EIF2AK4,Rs587777106,pulmonary hypertension
EIF2AK4,Rs587777102,pulmonary hypertension
EIF2AK4,Rs587777104,pulmonary hypertension
EIF2AK4,Rs587777102,pulmonary venoocclusive disease
EIF2AK4,Rs587777102,pulmonary capillary hemangiomatosis
EIF2AK4,Rs587777107,pulmonary capillary hemangiomatosis (PCH)
EIF2AK4,Rs587777104,pulmonary venoocclusive disease
EIF2AK4,Rs587777107,pulmonary venoocclusive disease (PVOD)
EIF4G1,Rs113169049,Parkinson's disease
ENG,Rs1800956,intracranial aneurysms
ENG,Rs1800956,intracranial aneurysms
ENG,Rs1800956,intracranial aneurysm
ENPP1,Rs121908248,arterial calcification
ENPP1,Rs121908248,hypophosphatemic rickets
ERAP1,Rs10050860,ankylosing spondylitis
ERAP1,Rs10050860,ankylosing spondylitis
ERAP1,Rs10050860,ankylosing spondylitis
ERAP1,Rs10050860,familial ankylosing spondylitis
ERAP1,Rs10050860,ankylosing spondylitis
ERAP1,Rs10050860,ankylosing spondylitis
ERBB4,Rs7598440,schizophrenia
ERBB4,Rs839523,schizophrenia
ERCC2,Rs13181,renal cell carcinoma
ERCC2,Rs13181,breast cancer 
ERCC2,Rs13181,bladder cancer risk
ERCC2,Rs13181,adiposity
ERCC2,Rs13181,lung cancer
ERCC2,Rs13181,Lung Cancer
ERCC2,Rs13181,colorectal cancer
ERCC2,Rs13181,esophageal cancer
ERCC2,Rs13181,breast cancer
ERCC2,Rs13181,Lung cancer
ERCC2,Rs13181,bladder cancer
ERCC2,Rs13181,head and neck squamous cell cancer
ERCC2,Rs13181,lung adenocarcinoma
ERCC2,Rs13181,lung adenocarcinoma
ERCC2,Rs13181,Head and Neck Cancer
ERCC2,Rs13181,gallbladder cancer
ERCC2,Rs13181,lung cancer
ERCC2,Rs13181,gastric and colorectal cancer
ERCC2,Rs13181,esophageal squamous cell carcinoma
ERCC2,Rs13181, oral precancer
ERCC2,Rs13181,lung cancer
ERCC2,Rs13181,lung cancer
ERCC2,Rs13181,bladder cancer
ERCC2,Rs13181,breast cancer
ERCC2,Rs13181,colorectal cancer 
ERCC2,Rs13181,pancreatic adenocarcinoma
ERCC2,Rs13181,cancer
ERCC2,Rs13181,cutaneous melanoma
ERCC2,Rs13181,ovarian cancer
ERCC2,Rs13181,ovarian cancer
ERCC2,Rs13181,Polymorphisms
ERCC2,Rs13181, lung cancer
ERCC2,Rs13181,esophageal cancer
ERCC2,Rs13181,adult glioma
ERCC2,Rs13181,genetic polymorphisms
ERCC2,Rs13181,non-small cell lung cancer patients
ERCC2,Rs13181,Bladder cancer
ERCC2,Rs13181,ovarian cancer 
ERCC2,Rs13181,Allelic imbalance
ERCC2,Rs13181,esophageal adenocarcinoma
ERCC2,Rs13181,Polymorphisms
ERCC2,Rs13181,lung cancer
ERCC2,Rs13181,lung cancer
ERCC2,Rs13181,Polymorphisms
ERCC2,Rs13181,lung cancer
ERCC2,Rs13181,Genetic polymorphisms
ERCC2,Rs13181,single nucleotide polymorphisms
ERCC2,Rs13181,cancer cells
ERCC2,Rs13181,non-melanoma skin cancer
ERCC2,Rs13181,non-Hodgkin lymphoma (NHL)
ESCO2,Rs80359851,intertissue and interindividual variation
ESCO2,Rs80359851,Nmd efficiency
ESR1,Rs3020314,follicular lymphoma
ESR1,Rs3020314,estrogen receptor-positive breast cancer risk
F11,Rs373297713,deficiency-causing mutations
F5,Rs6019,fetal growth.
F5,Rs6019,PTD
F5,Rs6019,PTD
F9,I5007022,Hemophilia
FAH,I5012861,Tyrosinemia
FAH,Rs11555096,Tyrosinemia Type I
FGFR3,I5001264,Achondroplasia
FGFR3,Rs121913114,achondroplasia
FGFR4,Rs2011077,prostate cancer
FGFR4,Rs2011077,benign prostate hyperplasia
FLG,Rs558269137,eczema.
FLG,Rs61816761,asthma predisposition
FLG,Rs61816761,type 1 diabetes
FLG,Rs61816761,eczema
FLG,Rs61816761,atopic dermatitis
FLG,Rs61816761,ichthyosis vulgaris
FLG,Rs61816761,ichthyosis vulgaris
FLG,Rs558269137,atopic dermatitis
FLG,Rs61816761,atopic dermatitis
FLG,Rs558269137,eczema
FLG,Rs558269137,atopic dermatitis
FLG,Rs558269137,ichthyosis vulgaris
FLG,Rs558269137,ichthyosis vulgaris
FLG,Rs121909626,dermatitis
FLG,Rs121909626,ichthyosis vulgaris
FLG,Rs114733570,protein truncation
FLG,Rs558269137,ichthyosis vulgaris
FMO3,Rs72549334,trimethylaminuria
FMO3,Rs72549326,trimethylaminuria
FN1,Rs137854488,glomerulopathy with fibronectin deposits
FTO,Rs1477196,Physical activity
FTO,Rs1477196,obesity
FTO,Rs1477196,diabetes
FXN,Rs144610605,Friedreich's ataxia
FXN,Rs56214919,Friedreich's ataxia
FXN,Rs148698100,Friedreich's ataxia
FXN,Rs147211454,Friedreich's ataxia
FXN,Rs144104124,Friedreich's ataxia
FXN,Rs140472905,Friedreich's ataxia
FXN,Rs142157346,Friedreich's ataxia
FXN,Rs141935559,Friedreich's ataxia
FXN,Rs141526971,Friedreich's ataxia
FXN,Rs143232208,Friedreich's ataxia
G6PD,Rs137852330,hemolytic anemia
G6PD,Rs137852330,favism
G6PD,Rs137852330,hemolytic anemia
G6PD,Rs137852330,chronic granuloma
GAB2,Rs10793294,Alzheimer's risk
GABRA2,Rs279858,Alcoholism
GALC,Rs387906952,Krabbe disease
GALC,Rs398123177,Krabbe disease
GALC,Rs749893889,Krabbe disease
GAMT,Rs80338736,Guanidinoacetate methyltransferase deficiency
GAMT,Rs80338736,error of creatine metabolism
GAMT,Rs80338736,Guanidinoacetate methyltransferase deficiency
GAMT,Rs80338736,man.
GATA3,Rs570613,breast cancer
GBA,Rs2230288,Parkinson's disease
GBA,Rs2230288,synucleinopathies
GBA,Rs2230288,"""modifier"" variant"
GBA,Rs2230288,polymorphism
GBA,Rs2230288,rapid eye movement sleep behavior disorder (RBD)
GBA,I4000419,Gaucher Disease
GBA,I4000419,Gaucher's disease
GBA,I4000386,Gaucher's disease
GBA,Rs2230288,Gaucher disease
GC,Rs4752,Asthma
GC,Rs4752,prostate cancer
GCH1,Rs8007201,tetrahydrobiopterin
GCH1,Rs8007201,cyclohydrolase
GCH1,Rs752688,Polymorphisms
GCH1,Rs752688,capsaicin pain
GCH1,Rs17738966,Impaired Vascular Function in Sickle Cell Anemia
GCH1,Rs2878172,Vasoocclusive Pain
GCH1,Rs17738966,Vasoocclusive Pain
GCH1,Rs11158026,Parkinson's disease
GCH1,Rs2878172,Impaired Vascular Function in Sickle Cell Anemia
GHRL,Rs27647,ghrelin receptor gene polymorphisms
GHRL,Rs27647,obesity
GHRL,Rs27647,ghrelin
GHRL,Rs27647,type 2 diabetes
GHRL,Rs27647,ghrelin
GHRL,Rs27647,adiposity
GJB2,I4000434,Nonsyndromic Sensorineural
GJB2,I4000434,Connexin
GJB2,I5001996,deafness
GJB2,I5004479,gene variant associated with deafness
GJB2,I6011464,associated with deafness
GJB2,Rs80338943,non-syndromic deafness
GLA,Rs28935490,fabry disease
GLA,Rs28935490,hypertrophic cardiomyopathy
GLA,Rs28935490,mental retardation
GLIS3,Rs1574285,type-1 diabetes
GNPTAB,Rs137853824,stuttering
GOLM1,Rs7019241,Alzheimer's disease
GOLM1,Rs7019241,Alzheimer's disease
GPX1,Rs1050450,Childhood Cancer Survivor Study
GPX1,Rs1050450,medulloblastoma 
GPX1,Rs1050450,tumor susceptibility
GPX1,Rs1050450,prostate cancer
GPX1,Rs1050450,breast cancer
GPX1,Rs1050450,schizophrenia
GPX1,Rs1050450,adult brain tumors
GPX1,Rs1050450,breast cancer
GPX1,Rs1050450,early onset lung cancer
GPX1,Rs1050450,breast cancer risk
GPX1,Rs1050450,lung cancer
GPX1,Rs1050450,KBD
GPX1,Rs1050450,Kashin-Beck disease (KBD) is a disabling osteoarthropathy
GPX1,Rs1050450,osteoarthritis
GPX1,Rs1050450,KBD 
GPX1,Rs1050450,degenerative osteoarthropathy
GPX1,Rs1050450,Kashin-Beck disease (KBD)
GPX1,Rs1050450,osteoarthritis
GPX1,Rs1050450,coronary artery calcification in type 2 diabetes
GRIK1,Rs2832407,alcoholism
GRN,Rs63751294,primary progressive aphasia
GRN,Rs63751294,frontotemporal dementia
GRN,Rs63751243,ubiquitin-positive frontotemporal lobar degeneration.
GRN,Rs63751243,"exhibit aphasia,"
GRN,Rs63751243,amyotrophic lateral sclerosis.
GRN,Rs63751243,extrapyramidal features
GRN,Rs63751243,amyotrophic lateral sclerosis
GRN,Rs63751243,"rs63751243, also known as c.26C>A, p.Ala9Asp and A9D, represents a relatively rare mutation in the GRN gene on chromosome 17. OMIM reports the rs63751243(A) allele as representing a dominantly inherited mutation associated with ubiquitin-positive frontotemporal lobar "
GRN,Rs63751243,extrapyramidal features
GRN,Rs63751243,aphasia
GRN,Rs63751243,ubiquitin-positive frontotemporal lobar degeneration
GRN,Rs63751243,"rs63751243, also known as c.26C>A, p.Ala9Asp and A9D, represents a relatively rare mutation in the GRN gene on chromosome 17. OMIM reports the rs63751243(A) allele as representing a dominantly inherited mutation associated with ubiquitin-positive frontotemporal loba"
GRN,Rs63751294,progranulin haploinsufficiency
HBA2,I5900722, Alpha Thalassemia
HBB,Rs33915217,Cubans
HBB,Rs33915217,Caribbean
HBB,Rs33915217,beta thalassemia
HBB,Rs33915217,Bulgaria
HBB,Rs33915217,South India
HEXA,I4000391,Tay-Sachs Disease
HEXA,Rs117160567,Tay Sachs
HFE,I3002468,hemochromatosis
HLA-DQB1,Rs1049225,Common variable immunodeficiency disorder 
HLA-DRA,Rs3129878,azoospermia (lack of sperm)
HMBS,Rs536814318,acute intermittent porphyria
HMBS,Rs536814318,intermittent porphyria.
HMGCR,Rs12654264,colorectal cancer
HMGCR,Rs12654264,CRC
HMGCR,Rs12654264,colorectal cancer
HMGCR,Rs12654264,cancer
HMGCR,Rs12654264,cardiovascular disease
HNF1A,Rs1169305,now considered benign in ClinVar
HNMT,Rs1050891,ADHD
HNMT,Rs1050891,ADHD
HSD3B2,Rs770815049,chromosome 1
HTRA1,Rs3793917,age-related macular degeneration
HTRA1,Rs3793917,anti-vascular endothelial growth
HTRA1,Rs3793917,age-related macular degeneration
HTRA1,Rs3793917,age-related macular degeneration
HTRA1,Rs3793917,nature age related macular degeneration
HTRA1,Rs3793917,age-related macular degeneration
IDS,Rs781997631,MPS type II
IGF1,Rs2195239,proliferative benign breast disease
IGF1,Rs2195239,mammographic density
IGF1,Rs2195239,breast cancer
IGF1,Rs2195239,reast cancer risk
IGF1,Rs2195239,multiple myeloma.
IGF2BP2,Rs11705701,obesity
IGF2BP2,Rs11705701,insulin sensitivity
IL10,Rs1800871,Crohn's disease
IL10,Rs1800871,AIDS-related non-Hodgkin lymphoma 
IL10,Rs1800871,knee osteoarthritis
IL10,Rs1800871,rheumatoid arthritis
IL10,Rs1800871,prostate cancer
IL10,Rs1800871,gastric cancer
IL10,Rs3024492,asthma
IL10,Rs1800871,heparin-induced thrombocytopenia.
IL10,Rs1800871,systemic sclerosis
IL10,Rs3024496,asthma
IL10,Rs3024492,allergy
IL10,Rs3024496,allergy
IL10,Rs1800871,Epstein-Barr virus
IL10,Rs1800871,Asthma
IL10,Rs1800871,Behçet's disease
IL10,Rs1800871,non-Hodgkin lymphoma
IL10,Rs1800871,endometriosis
IL10,Rs1800871,Crohn's disease
IL10,Rs1800871,Alzheimer's disease
IL10,Rs1800871,non-Hodgkin lymphoma.
IL10,Rs1800871,postoperative myocardial infarction
IL10,Rs1800871,non-Hodgkin's lymphoma.
IL10,Rs1800871,Crohn's disease
IL10,Rs1800871,rheumatoid arthritis patients
IL10,Rs1800871,hepatitis C virus infection
IL10,Rs1800871,B-cell lymphoma
IL10,Rs1800871,biliary tract cancers and stones
IL10,Rs1800871,melanoma
IL10,Rs1800871,infection following esophagectomy
IL12B,Rs2288831,Asthma
IL12B,Rs2288831,tuberculosis
IL12B,Rs2288831,pulmonary tuberculosis
IL12RB2,Rs3790568,susceptibility to radiation dermatitis
IL16,Rs4778889,risk of coronary artery disease
IL16,Rs4778889,adiation-induced toxicity
IL16,Rs4778889,gene polymorphism
IL16,Rs4778889,nasopharyngeal carcinoma
IL16,Rs4778889,Graves' disease
IL18RAP,Rs2272127,schizophrenia
IL18RAP,Rs2272127,herpes
IL1RL1,Rs13431828,chronic rhinosinusitis
IL2,Rs2069772,Cervical and vulvar cancer
IL21,Rs907715,rheumatoid arthritis
IL23R,Rs10889677,Graves' disease
IL23R,Rs7517847,Crohn's Disease
IL23R,Rs7517847,Crohn's disease
IL23R,Rs1343151,Crohn's Disease
IL23R,Rs1343151,rheumatoid arthriti
IL23R,Rs1343151,ankylosing spondylitis
IL23R,Rs11805303,Crohn's disease
IL23R,Rs11465804,ankylosing spondylitis
IL23R,Rs10889677,European ancestry
IL23R,Rs10889677,North American patients
IL23R,Rs10889677,ankylosing spondylitis
IL23R,Rs10889677,non-Jewish populations.
IL23R,Rs10889677,Jewish
IL23R,Rs10889677,Crohn's disease
IL23R,Rs10889677,ulcerative colitis 
IL23R,Rs10889677,Graves ophthalmopathy
IL23R,Rs10889677,"Graves' disease,"
IL23R,Rs10889677,ankylosing spondylitis
IL23R,Rs10889677,Crohn's disease
IL23R,Rs10889677,Caucasian patients.
IL2RB,Rs743777,rheumatoid arthritis
IL2RB,Rs743777,rheumatoid arthritis
IL2RB,Rs743777,rheumatoid arthritis
IL2RB,Rs743777,Rheumatoid arthritis
IL31,Rs11608363,nonatopic eczema
IL31,Rs11608363,were strongly associated with nonatopic eczema
IL31,Rs6489188,nonatopic eczema
IL31,Rs6489188,were strongly associated with nonatopic eczema
IL4,Rs2243268,autoimmune conditions
IL4,Rs2243274,African American
IL4,Rs2243274,children.
IL4,Rs2243274,European ancestry
IL4,Rs2243274,type 1 diabetes.
IL4,Rs2243274,type I diabetes
IL4,Rs2243268,biliary tract cancers and stones
IL4,Rs2070874,Leishmania chagasi
IL4,Rs2243268,type 1 diabetes
IL4,Rs2070874,Leishmania chagasi
IL4,Rs2070874,Visceral leishmaniasis (VL)
IL4,Rs2070874,prostate cancer
IL4,Rs2070874,Visceral leishmaniasis
IL4,Rs2243268,non-Hodgkin lymphoma
IL6,Rs7802308,Asian Indian sibling pairs
IL6,Rs1524107,type 2 diabetic patients
IL6,Rs1524107,prostate cancer
IL6,Rs1524107,cardiovascular disease
IL6,Rs2069837,Alzheimer's disease
IL6,Rs7802308,coronary artery disease
IL6R,Rs6684439,melanoma
IL6R,Rs6684439,melanoma
IL6R,Rs2229238,diabetes
IMPDH1,Rs72624951,Blueprint Genetics Retinal dystrophy
ITPR3,Rs3748079,rheumatoid arthritis
KCNA3,Rs2821557,olfactory function
KCNA3,Rs2821557,olfactory dysfunction
KCNA3,Rs2821557,fasting plasma glucose
KCNA5,Rs45477792,cardiac arrhythmias
KCNQ1,Rs120074194,swimming-triggered arrhythmia syndromes
KCNQ1,Rs120074194,long QT syndrome
KCNQ1,Rs120074194,Jervell and Lange-Nielsen syndrome
KCNQ1,Rs120074194,forme fruste long-QT syndrome
KCNQ1,Rs120074194,Huntington's disease
KCNQ1,Rs120074194,long-QT syndrome genes
KDR,Rs1870377,Gilbert's syndrome UGT1A1 polymorphism
KDR,Rs1870377,Pazopanib-induced hyperbilirubinemia
KIAA0319,Rs4236032,developmental dyslexia
KIAA0319,Rs4352670,KIAA0319 on chromosome 6p
KIAA0319,Rs4352670,developmental dyslexia
KL,Rs2249358,priapism
KL,Rs211239,priapism
KLF6,Rs10508266,Lung cancer risk.
KLF6,Rs10508266,Lung cancer
KRIT1,Rs267607204,cerebral cavernous malformation
KSR2,Rs10444502,decreased total cholesterol levels
LDB3,Rs121908337,ventricular noncompaction
LHCGR,Rs121912518,familial male precocious puberty
LHCGR,Rs121912532,mutations of the LH receptor gene
LIG4,Rs10131,invasive serous ovarian cancer
LIG4,Rs10131,DNA damage response
LIPC,Rs8023503,hyperalphalipoproteinemia
LIPC,Rs261332,Elevated HDL-Cholesterol
LIPC,Rs1800588,colorectal cancer
LIPC,Rs1800588,risk for carotid artery disease
LIPC,Rs1800588,coronary artery disease
LIPC,Rs1800588,higher HDL levels
LIPC,Rs1800588,coronary heart disease
LMNA,Rs267607577,cardiomyopathy
LOXL1,Rs1078967,glaucoma
LPP,Rs4686484,altered risk for celiac disease
LPP,Rs13076312,Vitiligo
LPP,Rs9851967,Celiac Disease
LRPPRC,I5012749,Leigh syndrome
LRRC43,Rs11608363,nonatopic eczema
LRRC43,Rs11608363,were strongly associated with nonatopic eczema
LRRC43,Rs6489188,nonatopic eczema
LRRC43,Rs6489188,were strongly associated with nonatopic eczema
LRRK2,Rs35870237,autosomal dominant Parkinson disease
LRRK2,Rs35870237,definitely pathogenic
LTA,Rs1800630, Raynaud's phenomenon
LTA,Rs1800630,systemic lupus erythematosus (SLE)
LTA,Rs1800630,SLE 
LTA,Rs1800630,SLE
MAOA,Rs6609257,ADHD
MAOA,Rs6609257,Sexually dimorphic
MAOB,Rs1799836,Parkinson's disease
MAOB,Rs1799836,conditional logistic regression
MAP2K5,Rs11635424,restless legs syndrome
MAP2K5,Rs11635424,common sleep disorder
MAPT,Rs143624519,neurodegenerative diseases
MAPT,Rs143624519,"neurodegenerative conditions, including Alzheimer's disease, frontotemporal dementia, and dementia with Lewy bodies"
MDM4,Rs4245739,squamous cell carcinoma
MDM4,Rs4245739,ovarian cancer
MDM4,Rs4245739,Breast Cancer
MDM4,Rs4245739,"prostate cancer,"
MDM4,Rs4245739,apoptosis
MDM4,Rs4245739,Europe
MDM4,Rs1380576,HPV16-associated squamous cell carcinoma of oropharynx.
MDM4,Rs1380576,MDM4 variant
MDM4,Rs4245739,United States.
MECP2,Rs1734787,systemic lupus erythromatosis
MECP2,Rs1734787,female disease
MECP2,Rs1734787,Korean
MECP2,Rs1734787,Caucasian
MEFV,Rs121907890,Arab and Armenian
MEFV,Rs121907890,"Sephardic Jews,"
MEFV,Rs121907890,"Turks,"
MEFV,Rs121907890,familial Mediterranean fever
MEFV,Rs104895093,familial Mediterranean fever
MEFV,Rs121907890,Mediterranean fever
MET,Rs2237717,rhinosinusitis
MET,Rs38857,schizophrenia
MET,Rs38857,Caucasian
MET,Rs2237717,nasal polyps
MET,Rs2237717,schizophrenia
MET,Rs38857,autism
MET,Rs2237717,tumor metastasis
MET,Rs2237717,neurocognition
MET,Rs2237717,chronic rhinosinusitis
MET,Rs2237717,autism 
MET,Rs2237717,ability to recognize facial emotion
MET,Rs2237717,schizophrenia
MICA,Rs4418214,AIDS
MIR4761,Rs4633,Schizophrenia Susceptibility Genetic
MMEL1,Rs3748816,celiac disease
MMEL1,Rs3748816,rheumatoid arthritis
MMEL1,Rs3748816,primary biliary cirrhosis
MMP2,Rs1030868,lacunar stroke
MMP2,Rs1030868,small vessel infarcts
MMP2,Rs2287074,lacunar stroke
MMP2,Rs2287074,small vessel infarcts
MMP2,Rs2287076,lacunar stroke
MMP2,Rs2287076,small vessel infarcts
MMP2,Rs7201,lacunar stroke
MMP2,Rs7201,small vessel infarcts
MMP3,Rs3025058,reduced risk of recurrent venous thromboembolism
MMP3,Rs3025058,coronary atherosclerosis
MMP3,Rs3025058,worse progression of coronary artery disease after angioplasty.
MMP3,Rs3025058,risk for myocardial infarction
MMP3,Rs3025058,coronary artery disease
MMP9,Rs17576,glaucoma
MMP9,Rs17577,breast cancer
MMP9,Rs17577,non-atopic asthma
MMP9,Rs17577,cutaneous malignant melanoma
MMP9,Rs17577,lung cancer
MMP9,Rs17577,Alzheimer's disease
MMP9,Rs17576,leukemia
MMP9,Rs17576,type 2 diabetes
MMP9,Rs17576,lymphoma
MMP9,Rs17576,hepatitis B virus infection
MMP9,Rs17576,malignant melanoma
MMP9,Rs17576,Alzheimer's disease
MMP9,Rs17576,heart disease
MMP9,Rs17576,myocardial infarction
MMP9,Rs17576,lung cancer
MMP9,Rs17576,chronic obstructive pulmonary disease
MMP9,Rs17576,cigarette smoking
MPL,Rs146249964,Ashkenazi Jewish
MPL,Rs146249964,CAMT
MPZ,Rs121913584,pathogenic for Charcot-Marie-Tooth disease type 1B
MSH2,Rs2303428,Endometrial cancer
MSH2,Rs2303428,sporadic renal cell carcinoma
MTHFD1L,Rs11754661,Alzheimer's disease
MTRR,Rs162036,single nucleotide polymorphisms
MTRR,Rs162036,prostate cancer risk
MTRR,Rs162036,pseudoexfoliation syndrome
MTRR,Rs162036,glaucoma
MTTP,Rs146064714,abetalipoproteinemia
MTTP,Rs755155385,Blueprint Genetics Retinal dystrophy
MYBPC3,Rs113358486,hypertrophic cardiomyopathy
MYBPC3,Rs113358486,Hypertrophic Cardiomyopathy
MYBPC3,Rs113358486,familial hypertrophic cardiomyopathy (HCM)
MYBPC3,Rs111683277,familial or idiopathic dilated cardiomyopathy
MYBPC3,Rs111683277,familial hypertrophic cardiomyopathy (HCM)
MYBPC3,Rs111437311,Hypertrophic cardiomyopathy
MYBPC3,Rs111437311,familial hypertrophic cardiomyopathy (HCM
MYBPC3,Rs111683277,hypertrophic cardiomyopathy
MYH6,Rs365990,Icelandic
MYH6,Rs365990,"European descent,"
MYH6,Rs365990,atrial fibrillation
MYH6,Rs365990,ick sinus syndrome
MYH6,Rs365990,advanced AV block
MYH7,I6015303,familial hypertrophic cardiomyopathy
MYH9,Rs80338835,May-Hegglin anomaly.
MYH9,Rs80338835,The May-Heggllin/Fechtner Syndrome Consortium
MYH9,Rs80338835,Fechtner and Sebastian syndromes
MYH9,Rs80338835,May-Hegglin anomaly
MYH9,Rs80338835,May-Hegglin anomaly
MYO7A,Rs1052030,deafness
MYO7A,Rs1052030,vestibular dysfunction
NBN,Rs34767364,Variations in the NBN/NBS1 gene
NBN,Rs34767364,breast cancer
NBN,Rs1805794,non-Hodgkin's lymphoma.
NBN,Rs1805794,Taiwanese patients.
NBN,Rs1805794,ovarian cancer.
NBN,Rs1805794,bladder cancer
NBN,Rs1805794,French Canadian
NBN,Rs1805794,adult glioma
NBN,Rs1805794,renal cell carcinoma
NBN,Rs1805794,oral premalignant lesions
NBN,Rs1805794,Bladder cancer
NBN,I5012770,numerous cancers
NBN,I5012770,Nijmegen breakage syndrome
NBN,Rs1805794,breast cancer
NGLY1,Rs201337954,congenital disorder of deglycosylation (CDDG)
NLRP3,Rs3806265,juvenile idiopathic arthritis
NOD2,Rs5743277,inflammatory bowel disease
NOD2,Rs5743277,inflammatory bowel disease
NOD2,Rs2066844,inflammatory bowel disease
NOD2,Rs2066844,Crohn's disease 
NOD2,Rs2066844, Crohn's disease
NOD2,Rs2067085,Crohn disease
NOS2,Rs2779251,inflammatory bowel disease
NOS2,Rs2297518,aphthous stomatitis
NOS2,Rs2297518,rheumatoid arthritis
NOS2,Rs2297518,lung cancer
NOS2,Rs2297518,benign prostatic hyperplasia
NOS2,Rs2297518,biliary tract cancers and stones
NOS2,Rs2297518,Parkinson's disease
NOS2,Rs2297518,urinary bladder cancer
NOS2,Rs2297518,non-Hodgkin lymphoma
NOS2,Rs2297518,Parkinson's disease
NOS2,Rs2297518,synthase gene polymorphisms and prostate cancer risk.
NOS2,Rs2297518,diabetes-associated combination of SNPs
NOS2,Rs2297518,rinary bladder cancer pathogenesis
NOS2,Rs2297518,inflammatory bowel disease 
NOS2,Rs2297518,lung cancer.
NOS3,Rs3918227,Parkinson's disease
NOS3,Rs3918227,hypoxic-ischemic encephalopathy
NOS3,Rs4496877,nephropathy
NPAS2,Rs1811399,autism
NR1H3,Rs61731956,multiple sclerosis
NR1H3,Rs61731956,multiple sclerosis
NR3C1,Rs6195,Glucocorticoid receptor polymorphism
NR3C1,Rs6195,anovulatory polycystic ovary syndrome
NR3C1,Rs6195,Genetic polymorphisms
NR3C1,Rs6195,inflammatory bowel disease
NR3C1,Rs6195,glucocorticoid resistance
NR3C1,Rs6195,asthma
NR3C1,Rs6195,Glucocorticoid receptor gene polymorphisms
NR3C1,Rs6195,acute lymphoblastic leukemia
NR3C1,Rs6195,altered bone mineral density
NR3C1,Rs6195,bipolar patients
NR3C1,Rs6195,asthma
NR3C1,Rs6195,glucocorticoid sensitivity
NR3C1,Rs6195,coronary artery disease
NR3C1,Rs6195,increased body mass index
NR3C1,Rs6195,glucocorticoid receptor polymorphism
NR3C1,Rs6195,Crohn's disease
NR3C1,Rs6195,Glucocorticoid receptor gene
NR3C1,Rs6195,blood pressure
NR3C1,Rs6195,glucocorticoid receptor polymorphisms
NR3C1,Rs6195,altered gene expression
NRG1,Rs3924999,Alzheimer's disease with psychosis
NRXN1,Rs2024513,schizophrenia
NSMCE3,Rs199905054,lung disease immunodeficiency and chromosome breakage syndrome (LICS)
NSMCE3,Rs199905054,chromosome breakage syndrome
NSMCE3,Rs199905054,pneumonia
OBSCN,Rs55883237,left ventricular noncompaction
OPRD1,Rs1042114,carriers of the G allele
OPRM1,Rs10485057,higher likelihood of smoking initiation and nicotine dependence.
OXTR,Rs53576,autism
OXTR,Rs53576,Caucasian 
OXTR,Rs53576,prosocial temperament
OXTR,Rs53576,grey matter volume in the hypothalamus
OXTR,Rs53576,lower cortisol responses to stress
OXTR,Rs53576,female
OXTR,Rs53576,Two hundred three healthy German male university students
OXTR,Rs53576,Forty-five female
OXTR,Rs53576,depression
OXTR,Rs53576,stress
OXTR,Rs53576,Americans
OXTR,Rs53576,Korean 
OXTR,Rs53576,feel less lonely
OXTR,Rs53576,empathetic
OXTR,Rs237887,prosociality
OXTR,Rs237887,OXTR
OXTR,Rs2268490,prosociality
OXTR,Rs2268490,OXTR
OXTR,Rs53576,marital discord
PADI4,Rs2240340,rheumatoid arthritis
PADI4,Rs2240340,rheumatoid arthritis
PADI4,Rs1621005,Rheumatoid Arthritis
PADI4,Rs2240340,rheumatoid arthritis (RA)
PAH,I4000475,Phenylketonuriars
PARK7,I5047046,Parkinson's disease
PARK7,I5047046,recessive/early-onset
PARK7,I5047046,digenic
PARK7,Rs3766606,Parkinson's disease
PARK7,Rs74315353,Parkinson disease 
PCSK9,Rs28362263,coronary events.
PCSK9,Rs67608943,plasma LDL-C levels being up to 40% lower than average
PCSK9,Rs67608943,lowered LDL-C level
PCSK9,Rs67608943,coronary events
PDE4B,Rs4655595, type-2 diabetes
PEX1,Rs28939678,peroxisome biogenesis disorders
PEX7,Rs121909153,Rhizomelic chondrodysplasia punctata type 1
PGR,Rs1042838,ovarian cancer
PGR,Rs660541,ovarian and breast cancer
PGR,Rs660541,endometrial cancer is ambiguous
PGR,Rs613120,ovarian and breast cancer
PGR,Rs543215,ovarian and breast cancer
PGR,Rs543215,endometrial cancer is ambiguous
PGR,Rs613120,endometrial cancer is ambiguous
PGR,Rs516693,endometrial cancer is ambiguous
PGR,Rs481775,colorectal cancer
PGR,Rs3740753,breast cancer risk
PGR,Rs3740753,endometrial cancer
PGR,Rs1042838,endometrial cancer
PGR,Rs516693,ovarian and breast cancer
PINK1,I5003747,Parkinson's disease
PITX1,Rs121909109,talipes equinovarus
PKD1,Rs199476095,Polycystic Kidney disease
PKD1,Rs199476098,autosomal dominant polycystic kidney disease
PKD1,Rs199476098,Polycystic Kidney disease
PKD1,Rs148812376,ADPKD
PKD1,Rs148812376,few cysts
PKD1,Rs148812376,end-stage renal disease (ESRD) 
PKD1,Rs1060499718,utosomal dominant polycystic kidney disease
PKD1,Rs1060499702,polycystic kidney disease
PKD1,Rs148812376, autosomal dominant polycystic kidney disease
PKHD1,I5000043,Autosomal recessive polycystic kidney disease
PKHD1,I5012609,polycystic kidney disease
PLCB1,Rs718712,insomnia
PMEL,Rs773241850,blindness
PMEL,Rs773241850,pigment dispersion syndrome (PDS)
PMEL,Rs773241850,pigmentary glaucoma (PG)
PMM2,Rs28936415,Congenital disorder
PMM2,I5012680,Congenital Disorder of Glycosylation
PMS2,Rs1805323,poly-glutamine (aka Poly-Q) diseases
PMS2,Rs1805323,Huntington disease
PMS2,Rs1805323,"multiple spinocerebellar ataxia,"
POLD1,Rs397514632,endometrial cancer
POLD1,Rs397514632,colorectal cancer
POLE,Rs138207610,colorectal cancer
POLE,Rs200403177,colorectal cancer
POLE,Rs483352909,cumulative risk of developing CRC
POLG,Rs113994097,ophthalmoparesis (SANDO)
POLG,Rs113994097,dysarthria
POLG,Rs113994097,sensory ataxic neuropathy
POLG,Rs113994097,mitochondrial DNA depletion syndrome type 4A (Alpers syndrome) 
POLG,Rs113994097,ataxias
PPARA,Rs4253778,type 2
PPARA,Rs4253778, diabetes
PPARG,Rs17036314,impaired glucose tolerance (IGT)
PPARG,Rs17036314,overweight
PPARG,Rs17036314,peroxisome proliferator-activated receptor gamma PPARG gene
PPARG,Rs17036314,type-2 diabetes (T2D)
PPARG,Rs13073869,type 2 diabetes
PPARG,Rs13073869,lung cancer
PPARG,Rs13073869,diabetes
PPARGC1A,Rs2290602,nonalcoholic fatty liver disease (NAFLD)
PPARGC1A,Rs2290602,polymorphisms
PPARGC1A,Rs2290602,nonalcoholic fatty liver disease (NAFLD)
PPARGC1A,Rs2970848,Huntington disease.
PPP2R5D,Rs863225079,"macrocephaly, hypotonia"
PPP2R5D,Rs863225079,autism
PRKCA,Rs4790904,post-traumatic stress disorder
PRKCA,Rs4790904,memory capacity
PRKCH,Rs3783799,stroke
PRKCH,Rs3783799,ubcortical silent brain infarction
PRODH,Rs450046,schizophrenia
PRODH,Rs450046,schizophrenia
PRODH,Rs450046,anxiety
PROM1,Rs796051882,Blueprint Genetics Retinal dystrophy
PROS1,Rs121918472,venous thromboembolism
PSEN1,Rs28930977,FAMILIAL
PSEN1,Rs17125721,Alzheimer's disease
PSEN1,Rs28930977,ALZHEIMER DISEASE
PSEN1,Rs28930977,Dementia
PSEN1,Rs28930977,SPASTIC PARAPARESIS
PSEN1,Rs28930977,APRAXIA
PSEN1,Rs28930977,"ALZHEIMER DISEASE,"
PSEN1,Rs28930977,"Dementia,"
PSEN1,Rs28930977,SPASTIC PARAPARESIS
PSEN1,Rs28930977,"APRAXIA,"
PSEN1,Rs63750218,Alzheimer's disease.
PSEN1,Rs63750307,Alzheimer's disease
PSEN2,Rs63750197,Alzheimer's disease
PSEN2,Rs63750197,dilated cardiomyopathy
PSEN2,Rs28936379,Alzheimer's disease
PSEN2,Rs367855127,early-onset Alzheimer's disease
PSEN2,Rs63750197,incomplete penetrance
PTGS2,Rs689469,polymorphisms in the COX-2 gene
PTGS2,Rs689465,Chinese population.
PTGS2,Rs689465,acute myeloid leukemi
PTGS2,Rs689465,breast cancer prognosis:
PTGS2,Rs689465,esophageal cancer
PTGS2,Rs689465,Australian patients.
PTGS2,Rs689465,gastric cancer.
PTGS2,Rs689465,mild asthma
PTPN2,Rs1893217,Crohn's disease-associated polymorphism
PTPN2,Rs1893217,autoimmune diseases 
PTPN2,Rs1893217,idiopathic arthritis 
PTPN2,Rs1893217,celiac disease
PTPN2,Rs1893217,type 1 diabetes
PTPN2,Rs1893217,type I diabetes
PTPN2,Rs1893217,multiple sclerosis
PTPN2,Rs1893217,pre-diabetes to diabete
PTPN2,Rs1893217,diabetes
PTPN2,Rs1893217,type 1 diabetes
PTPN2,Rs1893217,type-1 diabetes
PTPN2,Rs1893217,Crohn's disease
PTPN22,Rs1310182,rheumatoid arthritis
PTPN22,Rs1310182,rheumatoid arthritis
PTPN22,Rs1310182,psoriasis of early onset
PTPN22,Rs1310182,rheumatoid arthritis
PTPN22,Rs1310182,type 1 diabetes
PTPN22,Rs12730735,rheumatoid arthritis
PTPN22,Rs12730735,rheumatoid arthritis
PTPN22,Rs12730735,rheumatoid arthritis
PTPN22,Rs12730735,rheumatoid arthritis
PTPRQ,Rs61729287,deafness
PTPRQ,Rs749210663,deafnes
PYGM,Rs119103252,PYGM gene
RAPSN,Rs45547231,congenital myasthenic syndrome
RAPSN,Rs104894299,congenital myasthenic syndrome
RAPSN,Rs104894299,congenital myasthenic syndrome
RET,Rs2742234,Hirschsprung's disease
RGS2,Rs2746072,polymorphisms
RGS2,Rs2746072,immunoreactivity
RHCE,Rs676785,blood group
RNLS,Rs2296545,late-onset Alzheimer disease
RNLS,Rs2296545,chromosome 10
RNLS,Rs2296545,Renalase gene
RNLS,Rs2296545,hypertension
RYR1,Rs193922747,malignant hyperthermia
RYR2,Rs34967813,arrhythmogenic right ventricular cardiomyopathy type 2 (ARVD2)
RYR2,Rs34967813,amilial polymorphic ventricular tachycardia
RYR2,Rs34967813,Cardiac Arres
RYR2,Rs34967813,heart failure and sudden cardiac death
RYR2,Rs34967813,cardiac arrest
RYR2,Rs34967813,"genotype negative, exercise-induced long QT syndrome"
RYR2,Rs34967813,catecholaminergic polymorphic ventricular tachycardia
SCARB1,Rs4765623,gain significant weight
SCARB1,Rs4765623,gain significant weight 
SCN2A,Rs121917749,benign familial neonatal-infantile seizures
SCN9A,Rs12478318,increased pain
SCN9A,Rs12478318,mall fiber neuropathy
SCN9A,Rs4369876,congenital insensitivity to pain
SCN9A,Rs12478318,lower post-operative pain following surgery
SCN9A,Rs12478318,pain
SDHB,Rs111430410,familial renal cell carcinoma
SDHB,Rs111430410,renal oncocytoma
SDHB,Rs111430410,renal phenotype
SDHB,Rs111430410,hereditary paragangliomatosis
SDHD,Rs34677591,cancers
SDHD,Rs34677591,paragangliomas
SDHD,Rs34677591,pheochromocytomas
SELE,Rs5361,thrombotic disorders
SELE,Rs5361,recurrent venous thromboembolism
SEPSECS,Rs267607036,Pontocerebellar hypoplasia type 2D
SERPINC1,Rs121909547,thrombophilia
SERPINC1,Rs121909547,Korean venous thromboembolism
SERPINE1,Rs34857375,Functional genetic polymorphisms
SERPINE1,Rs34857375,female reproductive disorders
SERPINE1,Rs34857375,Polycystic ovary syndrome
SERPINE1,Rs34857375,Functional genetic polymorphisms
SERPINE1,Rs34857375,female reproductive disorders
SERPINE1,Rs34857375,ovarian response
SETD1A,Rs869312831,schizophrenia and developmental disorders
SETD1A,Rs770913157,developmental disorders
SETD1A,Rs869312830,schizophrenia and developmental disorders.
SETD1A,Rs761709838,developmental disorders
SETD1A,Rs761709838,schizophrenia
SETD1A,Rs770913157,schizophrenia
SGSH,Rs144143780,Sanfilippo syndrome type A
SGSH,Rs144143780,mucopolysaccharidosis type IIIA
SH2D1A,Rs111033623,Lymphoproliferative syndrome
SH2D1A,Rs111033624,Lymphoproliferative syndrome
SH2D1A,Rs111033624,X-linked Lymphoproliferative syndrome
SH2D1A,Rs111033626,Lymphoproliferative syndrome
SH2D1A,Rs111033630,X-linked Lymphoproliferative syndrome
SHBG,Rs6257,potential breast cancer variant
SHBG,Rs6257,Ovarian cancer risk
SLC12A3,Rs2289116,diabetic nephropathy and type-2 diabetes
SLC12A6,Rs35583475,Andermann syndrome
SLC12A6,Rs35583475,Andermann syndrome
SLC16A11,Rs117767867,Native American population
SLC16A11,Rs117767867,type-2 diabetes
SLC16A11,Rs117767867,east Asian
SLC16A11,Rs117767867,Europeans
SLC16A11,Rs117767867,Africans.
SLC22A4,Rs2073838,rheumatoid arthritis
SLC24A5,Rs2470102,Skin color
SLC25A12,Rs6716901,Asperger syndrome
SLC25A12,Rs6716901,Asperger syndrome
SLC26A4,Rs111033244,Pendred Syndrome
SLC30A8,Rs3802177,type-2 diabetes
SLC37A4,I5012878,Glycogen Storage Disease Type 1brs
SLC6A4,Rs6354,systemic sclerosis
SLC6A4,Rs6354,Personality Measures
SLC6A4,Rs6354,Anxiety
SLC6A4,Rs6354,Depression
SLC6A4,Rs6354,Flanking Single Nucleotide Polymorphisms
SLC6A4,Rs6354,Neuroticism
SLC6A4,Rs6354,portopulmonary hypertension
SLC6A4,Rs6354,Serotonin transporter polymorphisms
SLC6A4,Rs6354,polymorphisms
SLC6A4,Rs6354,rigid-compulsive behaviors
SLC6A4,Rs6354,autism
SLC6A4,Rs6354,diarrhoea predominant irritable bowel syndrome
SLC6A4,Rs6354,serotonin transporter gene
SLC6A4,Rs6354,functional polymorphism
SLC6A4,Rs3794808,"Association of serotonin transporter gene variation with smoking, chronic obstructive pulmonary disease, and its depressive symptoms"
SLC6A4,Rs6354,frontotemporal lobar degeneration
SMN1,I5005735,spinal muscular atrophy
SMN1,Rs76871093,type 2 or 3 spinal muscular atrophy
SMN1,Rs104893935,type 1 or 2 spinal muscular atrophy
SMN1,I5005733,spinal muscular atrophy
SMN1,I5005728,spinal muscular atrophy
SMPD1,I4000381,Niemann-Pick Disease Type
SMPD1,I4000430,Disease 
SMPD1,Rs387906289,Niemann-Pick Disease Type A
SNCA,Rs104893875,Parkinson disease
SNCA,Rs431905511,Parkinson disease
SNX10,Rs398123011,osteopetrosis
SNX9,Rs78503206,thinking cilantro tastes like soap
SOAT1,Rs1044925,Han
SOAT1,Rs1044925,Alzheimer's disease
SOAT1,Rs1044925,Guangxi Bai
SOAT1,Rs1044925,Ku Yao
SOD1,Rs121912442,A polymorphism on the SOD1 gene known as A4V.
SOD2,Rs2758346,Alzheimer's disease
SOD2,Rs2758346,Alzheimer's disease.
SPTA1,Rs35948326,autosomal recessive spherocytosis
SREBF1,Rs11868035,Parkinson's disease
SSUH2,Rs116840785,rippling muscle disease
SSUH2,Rs116840785,rippling muscle disease.
SSUH2,Rs28936685,rippling muscle disease
SSUH2,Rs116840776,muscular dystrophy
SSUH2,Rs116840776,sudden infant death syndrome.
STAT4,Rs10181656,type 1 diabetes
STAT4,Rs10181656,systemic lupus erythematosus
STAT4,Rs10181656,Inflammatory Bowel Diseases
STAT4,Rs7601754,rheumatoid arthritis 
STAT4,Rs7601754,systemic lupus erythematosu
STAT4,Rs7601754,lupus erythematosus
STAT4,Rs7601754,ystemic lupus erythematosus 
STAT4,Rs10181656,rheumatoid arthritis
SUOX,Rs121908007,sulfite oxidase deficiency
SURF1,Rs28933402,Leigh syndrome
TBX21,Rs11650354,allergic asthma
TBX21,Rs11650354,allergic asthma
TCF7L2,Rs290481,late-onset Alzheimer disease
TCF7L2,Rs7895340,polymorphism
TCF7L2,Rs7895340,glucose intolerance
TCF7L2,Rs7895340,polycystic ovary syndrome
TCF7L2,Rs7895340,all-cause mortality
TCF7L2,Rs7895340,cardiovascular disease
TCF7L2,Rs7895340,single nucleotide polymorphisms
TCF7L2,Rs7895340,colon cancer
TCF7L2,Rs7895340,reduced acute insulin response
TCF7L2,Rs7895340,gene polymorphisms
TCF7L2,Rs7895340,gene polymorphism
TCF7L2,Rs7895340,nephropathy
TCF7L2,Rs7895340,type 2 diabetes
TCF7L2,Rs7895340,obese
TCF7L2,Rs7895340,impairment of glucose metabolism
TCF7L2,Rs7895340,gene polymorphisms
TCF7L2,Rs7895340,type 2 diabetes
TCF7L2,Rs290481,metabolic syndrome
TCF7L2,Rs290481,glucose intolerance
TCF7L2,Rs290481,polycystic ovary syndrome
TCF7L2,Rs7895340,coronary artery disease
TEK,Rs80338908,Vascular dysmorphogenesis
TEK,Rs80338908,venous malformations
TEK,Rs80338908,Multiple cutaneous and mucosal venous malformations
TENM2,Rs2937573,Sensitivity to the Sound of Chewing (Misophonia)
TERT,Rs2736098,pancreatic cancer
TERT,Rs2736098,European
TERT,Rs2736098,Asians
TIMP2,Rs8179090,Polymorphisms
TIMP2,Rs8179090, breast cancer
TIMP2,Rs8179090,polymorphism
TIMP2,Rs8179090,thoracic adolescent idiopathic scoliosis.
TLR2,Rs3804100,allergic asthma
TLR2,Rs3804100, diabetes 
TLR4,Rs11536889,leukemia
TLR4,Rs11536889,prostate cancer
TLR4,Rs1927911,nonfatal myocardial infarction
TLR4,Rs1927911,postmenopausal women
TLR4,Rs1927911,hypertensive men/women
TNF,Rs1800630, Raynaud's phenomenon
TNF,Rs1800630,systemic lupus erythematosus (SLE)
TNF,Rs1800630,SLE 
TNF,Rs1800630,SLE
TNNI3,I5007736,dilated cardiomyopathy
TOR1A,Rs1801968,torsion dystonia
TOR1A,Rs1801968,developing torsion dystonia
TPH1,Rs1799913,heroin addiction
TPH1,Rs1799913,heroin addiction
TPH1,Rs1799913,neuroleptics:
TPH1,Rs1799913,Tryptophan hydroxylase gene 1 (TPH1)
TPH1,Rs1799913,cerebrospinal fluid 5-hydroxyindole acetic acid
TPH1,Rs1799913,homovanillic acid concentrations
TPH2,Rs1487276,tryptophan hydroxylase II
TPH2,Rs1487276,suicide attempts.
TPH2,Rs1487276,bipolar affective disorder
TPH2,Rs120074176,major depression.
TPH2,Rs1007023,tryptophan hydroxylase II
TPH2,Rs120074176,Norwegian female
TPH2,Rs1007023,suicide attempts.
TPH2,Rs1007023,bipolar affective disorder
TPH2,Rs120074176,ADHD
TPM1,Rs104894505,dilated cardiomyopathy.
TREM2,Rs75932628,increased AD risk
TREM2,Rs75932628,late-onset AD
TREM2,Rs75932628,frontotemporal dementia–like syndrome
TREM2,Rs75932628,Alzheimer cases
TREM2,Rs75932628,Alzheimer's disease
TREM2,Rs75932628,Alzheimer's disease 
TREM2,Rs75932628,poorer cognitive function
TREM2,Rs75932628,Alzheimer's disease
TRPC6,I5005218,Focal segmental glomerulosclerosis
TRPC6,I5005220,Focal segmental glomerulosclerosis
TRPC6,I6019080,Focal segmental glomerulosclerosis
TRPM4,Rs267607142,familial heart block type 1B
TRPM4,Rs200038418,progressive familial heart block type 1B
TRPM4,Rs200038418,progressive familial heart block
TSHR,Rs12101255,Graves' disease
TSLP,Rs1837253,inflammation of cells in the trachea and alveoli
TSLP,Rs1837253,asthma
TSLP,Rs1837253,asthma
TTC29,Rs763399136,Asthenozoospermia
TTR,Rs121918070,familial amyloid polyneuropathy
TTR,Rs121918070,heart-related symptoms
TTR,Rs121918070,heart-related symptoms
TTR,I6019130,cardiac amyloidosis
TTR,I3002759,cardiac amyloidosis
TTR,Rs121918070,TTR-related familial amyloid polyneuropathy
TUBB8,Rs869025273,Human Oocyte Meiotic Arrest
TUBB8,Rs869025273,R2K Mutations in TUBB8 
TUBB8,Rs869025611,Human Oocyte Meiotic Arrest
TXNRD2,Rs4485648,gastric cancer.
TXNRD2,Rs4485648,Polymorphisms
TYK2,Rs2304256,systemic lupus erythematosus
TYR,Rs1847134,eye color
UGT1A1,Rs887829,coronary artery disease
UGT1A1,Rs887829,coronary artery disease..
UGT1A1,Rs3755319,hyperbilirubinemia
UGT1A10,Rs10929302,Clinically relevant UGT1A10 variant
UGT1A10,Rs11692021,Clinically relevant UGT1A10 variant
UGT1A10,Rs3755319,hyperbilirubinemia
UGT1A3,Rs10929302,Clinically relevant UGT1A10 variant
UGT1A3,Rs3755319,hyperbilirubinemia
UGT1A4,Rs10929302,Clinically relevant UGT1A10 variant
UGT1A4,Rs3755319,hyperbilirubinemia
UGT1A5,Rs10929302,Clinically relevant UGT1A10 variant
UGT1A5,Rs3755319,hyperbilirubinemia
UGT1A6,Rs3755319,hyperbilirubinemia
UGT1A6,Rs10929302,Clinically relevant UGT1A10 variant
UGT1A7,Rs10929302,Clinically relevant UGT1A10 variant
UGT1A7,Rs11692021,Clinically relevant UGT1A10 variant
UGT1A7,Rs3755319,hyperbilirubinemia
UGT1A8,Rs11692021,Clinically relevant UGT1A10 variant
UGT1A8,Rs3755319,hyperbilirubinemia
UGT1A8,Rs10929302,Clinically relevant UGT1A10 variant
UGT1A9,Rs10929302,Clinically relevant UGT1A10 variant
UGT1A9,Rs11692021,Clinically relevant UGT1A10 variant
UGT1A9,Rs3755319,hyperbilirubinemia
UNC13D,Rs764196809,familial hemophagocytic lymphohistiocytosis
UNC13D,Rs796065026,amilial hemophagocytic lymphohistiocytosis
USP9Y,Rs2032598,schizophrenia
VCAN,Rs80356555,Erosive vitreoretinopathy
VCAN,Rs80356555,Wagner syndrome
VCAN,Rs80356555,wagner disease
VCAN,Rs80356555,imbalance of splice variants
VDR,Rs10735810,breast cancer
VDR,Rs10735810,acute lymphoblastic leukemia
VDR,Rs10735810,Idiopathic short stature
VDR,Rs10735810,Osteonecrosis
VEGFA,Rs1570360,hypertensive nephropathy
VEGFA,Rs1570360,diabetic retinopathy
VEGFA,Rs1570360,nonproliferative and proliferative diabetic retinopathy
VEGFA,Rs1570360,Pazopanib-induced hyperbilirubinemia
VEGFA,Rs1570360,Gilbert's syndrome
VEGFA,Rs1570360,rheumatoid arthritis
VEGFA,Rs1570360,polymorphism
VEGFA,Rs3025039,increased risk
VEGFA,Rs3025039,heumatoid arthritis
VEGFA,Rs3025039,bladder cancer risk
VEGFA,Rs3025039,non-small-cell lung cancer
VEGFA,Rs3025039,gastric cancer
VEGFA,Rs3025039,peptic ulcer diseases
VEGFA,Rs3025039,neovascular age-related macular degeneration
VEGFA,Rs3025039,multiple myeloma
VEGFA,Rs1570360,microdeletion syndrome
VEGFA,Rs833069,rheumatoid arthritis
VEGFA,Rs3025039,macular degeneration
VEGFA,Rs1570360,renal cancer
VEGFA,Rs1570360,Alzheimer's disease
VEGFA,Rs1570360,ischemic complications
VEGFA,Rs1570360,Sudden Infant Death Syndrome
VEGFA,Rs1570360,diabetic retinopathy
VEGFA,Rs1570360,vascular endothelial growth factor (VEGF)
VEGFA,Rs1570360,rheumatoid arthritis
VEGFA,Rs1570360,Henoch-Schonlein purpura
VEGFA,Rs1570360,Polymorphisms
VEGFA,Rs1570360,breast cancer
VEGFA,Rs1570360,type 2 diabetes
VEGFA,Rs1570360,giant cell arteritis
VEGFA,Rs1570360, psoriatic arthritis
VEGFA,Rs1570360,polymorphisms 
VEGFA,Rs1570360,bladder cancer risk
VEGFA,Rs1570360,polymorphism
VEGFA,Rs1570360,ventricular septal defect
VEGFA,Rs1570360,polymorphisms
VEGFA,Rs1570360,gene polymorphisms
VEGFA,Rs1570360,diabetic retinopathy
VEGFA,Rs1570360,sporadic renal cell carcinoma
VHL,Rs193922613,Von Hippel-Lindau-dependent polycythemia
VHL,Rs193922613,paraneoplastic polycythemia.
VHL,Rs193922613,Congenital polycythemia
VLDLR,Rs1454626,"carotid artery disease,"
VLDLR,Rs1454626,"BMI,"
VLDLR,Rs1454626,LDL-associated apolipoprotein B
VPS35,Rs797044948,inborn genetic disease
VWF,I5049104,Willebrand disease
VWF,I5049165,Von Willebrand disease
VWF,I5049192,Von Willebrand disease
VWF,Rs121964894,"Von Willebrand disease, type 2N"
WT1,Rs28941779,Denys-Drash syndrome
WT1,Rs28941779,Frasier syndrome
XRCC1,Rs25487,neutropenia
XRCC1,Rs25487,Locally Advanced Head and Neck Cancer
XRCC1,Rs25487,glioblastoma
XRCC1,Rs25487,breast cancer risk
XRCC1,Rs25487,neck squamous cell carcinoma
XRCC1,Rs25487,modulate oral precancer and cancer risk
XRCC1,Rs25487,colorectal cancer in Lynch syndrome
XRCC1,Rs25489,breast cancer
XRCC1,Rs25489,prostate cancer
XRCC1,Rs25487,Gallbladder cancer 
XRCC1,Rs25487,non-small cell lung cancer
XRCC1,Rs25489,lung cancer
XRCC1,Rs25487,biliary tract cancer and biliary stones
XRCC1,Rs25487,Hodgkin lymphoma (NHL)
XRCC1,Rs25487,gastric cancer
XRCC1,Rs25487,Bladder cancer 
XRCC1,Rs25487,Hodgkin disease
XRCC1,Rs25487,lung cancer
XRCC1,Rs25487,myeloid or lymphocytic leukemia
XRCC1,Rs25487,acute lymphoblastic leukemia
XRCC1,Rs25487,squamous cell cancer
XRCC1,Rs25487,both basal cell BCC
XRCC1,Rs25487,pancreatic adenocarcinoma risk
XRCC2,Rs3218536,epithelial ovarian cancer
ZNF804A,Rs7597593,schizophrenia.
ZNRF3,Rs16986825,Pancreatic cancer
